"Rank","Player","Team","Position","Points","Games","Avg"
"1","Todd Gurley II","LAR","RB","383.3","15","25.6"
"2","Russell Wilson","SEA","QB","347.8","16","21.7"
"3","Le'Veon Bell","PIT","RB","341.6","15","22.8"
"4","Alvin Kamara","NO","RB","314.4","16","19.7"
"5","Antonio Brown","PIT","WR","310.3","14","22.2"
"6","DeAndre Hopkins","HOU","WR","309.8","15","20.7"
"7","Cam Newton","CAR","QB","299.5","16","18.7"
"8","Tom Brady","NE","QB","295.9","16","18.5"
"9","Kareem Hunt","KC","RB","295.2","16","18.5"
"10","Alex Smith","KC","QB","295.1","15","19.7"
"11","Melvin Gordon III","LAC","RB","288.1","16","18.0"
"12","Carson Wentz","PHI","QB","281.7","13","21.7"
"13","Keenan Allen","LAC","WR","278.2","16","17.4"
"14","Mark Ingram II","NO","RB","278.0","16","17.4"
"15","Kirk Cousins","WAS","QB","277.6","16","17.4"
"16","Matthew Stafford","DET","QB","273.8","16","17.1"
"17","Philip Rivers","LAC","QB","270.5","16","16.9"
"18","LeSean McCoy","BUF","RB","263.6","16","16.5"
"19","Drew Brees","NO","QB","262.4","16","16.4"
"20","Larry Fitzgerald","ARI","WR","261.4","16","16.3"
"21","Dak Prescott","DAL","QB","260.7","16","16.3"
"22","Ben Roethlisberger","PIT","QB","260.6","15","17.4"
"23","Jarvis Landry","MIA","WR","260.0","16","16.3"
"24","Michael Thomas","NO","WR","258.5","16","16.2"
"25","Jared Goff","LAR","QB","255.3","15","17.0"
"26","Julio Jones","ATL","WR","251.9","16","15.7"
"27","Blake Bortles","JAC","QB","249.7","16","15.6"
"28","Adam Thielen","MIN","WR","239.7","16","15.0"
"29","Tyreek Hill","KC","WR","239.2","15","16.0"
"30","Case Keenum","MIN","QB","238.1","15","15.9"
"31","Carlos Hyde","SF","RB","233.8","16","14.6"
"32","Travis Kelce","KC","TE","233.5","15","15.6"
"33","Leonard Fournette","JAC","RB","230.2","13","17.7"
"34","Christian McCaffrey","CAR","RB","228.6","16","14.3"
"35","Matt Ryan","ATL","QB","228.1","16","14.3"
"36","Rob Gronkowski","NE","TE","227.4","14","16.2"
"37","A.J. Green","CIN","WR","226.8","16","14.2"
"38","Marvin Jones Jr.","DET","WR","225.1","16","14.1"
"39","Golden Tate","DET","WR","224.5","16","14.0"
"40","Doug Baldwin","SEA","WR","223.3","16","14.0"
"41","Tyrod Taylor","BUF","QB","222.6","15","14.8"
"42","Davante Adams","GB","WR","222.5","14","15.9"
"43","Brandin Cooks","NE","WR","221.2","16","13.8"
"44","Duke Johnson Jr.","CLE","RB","216.1","16","13.5"
"45","Andy Dalton","CIN","QB","210.7","16","13.2"
"46","Marcus Mariota","TEN","QB","210.4","15","14.0"
"47","Derek Carr","LV","QB","206.3","15","13.8"
"48","Jacoby Brissett","IND","QB","206.0","16","12.9"
"49","Demaryius Thomas","DEN","WR","205.9","16","12.9"
"50","Josh McCown","NYJ","QB","205.6","13","15.8"
"51","Ezekiel Elliott","DAL","RB","203.2","10","20.3"
"52","Mike Evans","TB","WR","203.1","15","13.5"
"53","Zach Ertz","PHI","TE","202.4","14","14.5"
"54","Jameis Winston","TB","QB","201.8","13","15.5"
"55","Devonta Freeman","ATL","RB","200.2","14","14.3"
"56","Robbie Anderson","NYJ","WR","200.0","16","12.5"
"57","Jordan Howard","CHI","RB","199.7","16","12.5"
"58","Jacksonville Jaguars","JAC","DST","199.0","16","12.4"
"59","Stefon Diggs","MIN","WR","198.2","14","14.2"
"60","Dion Lewis","NE","RB","197.0","16","12.3"
"61","Alshon Jeffery","PHI","WR","195.9","16","12.2"
"62","Devin Funchess","CAR","WR","195.0","16","12.2"
"63","Lamar Miller","HOU","RB","193.5","16","12.1"
"64","JuJu Smith-Schuster","PIT","WR","191.7","14","13.7"
"65","Nelson Agholor","PHI","WR","187.5","16","11.7"
"66","Eli Manning","NYG","QB","187.3","15","12.5"
"67","Dez Bryant","DAL","WR","186.4","16","11.7"
"68","Joe Flacco","BAL","QB","184.9","16","11.6"
"69","Greg Zuerlein","LAR","K","182.0","14","13.0"
"70","Jerick McKinnon","MIN","RB","178.1","16","11.1"
"71","Cooper Kupp","LAR","WR","176.9","15","11.8"
"72","Jermaine Kearse","NYJ","WR","176.0","16","11.0"
"73","DeShone Kizer","CLE","QB","175.9","15","11.7"
"74","T.Y. Hilton","IND","WR","175.6","16","11.0"
"75","C.J. Anderson","DEN","RB","175.1","16","10.9"
"76","Kenny Stills","MIA","WR","174.7","16","10.9"
"77","Delanie Walker","TEN","TE","174.5","16","10.9"
"78","Mohamed Sanu Sr.","ATL","WR","174.3","15","11.6"
"79","Baltimore Ravens","BAL","DST","174.0","16","10.9"
"80","Evan Engram","NYG","TE","173.6","15","11.6"
"80","Frank Gore","IND","RB","173.6","16","10.9"
"82","Stephen Gostkowski","NE","K","172.0","16","10.8"
"83","Michael Crabtree","LV","WR","171.8","14","12.3"
"84","DeMarco Murray","TEN","RB","171.5","15","11.4"
"85","Jimmy Graham","SEA","TE","171.0","16","10.7"
"86","Alex Collins","BAL","RB","171.0","15","11.4"
"87","Robbie Gould","SF","K","170.0","16","10.6"
"88","Jack Doyle","IND","TE","169.0","15","11.3"
"89","Deshaun Watson","HOU","QB","168.8","7","24.1"
"90","Marquise Goodwin","SF","WR","168.6","16","10.5"
"91","Tevin Coleman","ATL","RB","167.7","15","11.2"
"92","Javorius Allen","BAL","RB","166.1","16","10.4"
"93","Philadelphia Eagles","PHI","DST","166.0","16","10.4"
"94","Marshawn Lynch","LV","RB","164.2","15","11.0"
"95","Robert Woods","LAR","WR","163.3","12","13.6"
"96","Matt Bryant","ATL","K","162.0","16","10.1"
"96","Justin Tucker","BAL","K","162.0","16","10.1"
"98","Wil Lutz","NO","K","161.4","16","10.1"
"99","Los Angeles Rams","LAR","DST","161.0","16","10.1"
"100","Jamison Crowder","WAS","WR","160.3","15","10.7"
"101","Harrison Butker","Multi","K","160.0","13","12.3"
"102","Ted Ginn Jr.","NO","WR","159.6","15","10.6"
"103","Randall Cobb","GB","WR","159.4","15","10.6"
"104","Chris Boswell","PIT","K","159.0","16","9.9"
"105","Amari Cooper","LV","WR","158.4","14","11.3"
"106","Kyle Rudolph","MIN","TE","158.2","16","9.9"
"107","Jay Cutler","MIA","QB","157.7","14","11.3"
"108","Latavius Murray","MIN","RB","157.5","16","9.8"
"109","Rishard Matthews","TEN","WR","156.2","14","11.2"
"110","Ryan Succop","TEN","K","156.0","16","9.8"
"111","Theo Riddick","DET","RB","154.0","16","9.6"
"112","Giovani Bernard","CIN","RB","151.7","16","9.5"
"113","Chris Thompson","WAS","RB","151.4","10","15.1"
"114","Mike Wallace","BAL","WR","151.2","15","10.1"
"115","Matt Prater","DET","K","151.0","16","9.4"
"115","Los Angeles Chargers","LAC","DST","151.0","16","9.4"
"117","Paul Richardson Jr.","SEA","WR","150.3","16","9.4"
"118","Kai Forbath","MIN","K","148.0","16","9.3"
"119","Marqise Lee","JAC","WR","147.9","14","10.6"
"120","Jason Witten","DAL","TE","147.0","16","9.2"
"121","Sammy Watkins","LAR","WR","146.3","15","9.8"
"122","Bilal Powell","NYJ","RB","145.2","15","9.7"
"123","Sterling Shepard","NYG","WR","144.5","11","13.1"
"124","Tarik Cohen","CHI","RB","144.1","16","9.0"
"125","Detroit Lions","DET","DST","144.0","16","9.0"
"126","Isaiah Crowell","CLE","RB","143.5","16","9.0"
"127","Cameron Brate","TB","TE","143.1","16","8.9"
"128","New Orleans Saints","NO","DST","143.0","16","8.9"
"129","Jamaal Williams","GB","RB","142.8","16","8.9"
"130","Kenyan Drake","MIA","RB","142.3","16","8.9"
"131","Joe Mixon","CIN","RB","141.3","14","10.1"
"132","Jake Elliott","Multi","K","139.0","15","9.3"
"133","Danny Amendola","NE","WR","138.9","15","9.3"
"134","DeSean Jackson","TB","WR","138.6","14","9.9"
"135","Tyrell Williams","LAC","WR","137.8","16","8.6"
"136","Orleans Darkwa","NYG","RB","137.7","15","9.2"
"137","Benjamin Watson","BAL","TE","137.2","16","8.6"
"137","Jordy Nelson","GB","WR","137.2","15","9.2"
"139","Phil Dawson","ARI","K","137.0","16","8.6"
"139","Stephen Hauschka","BUF","K","137.0","16","8.6"
"141","Kelvin Benjamin","Multi","WR","135.2","14","9.7"
"142","Jay Ajayi","Multi","RB","135.1","14","9.7"
"143","Derrick Henry","TEN","RB","135.0","16","8.4"
"144","Mitch Trubisky","CHI","QB","134.6","12","11.2"
"145","James White","NE","RB","134.0","14","9.6"
"146","Jared Cook","LV","TE","132.8","16","8.3"
"147","Keelan Cole Sr.","JAC","WR","132.8","16","8.3"
"148","Martavis Bryant","PIT","WR","132.5","15","8.8"
"149","Eric Ebron","DET","TE","132.4","16","8.3"
"150","Seattle Seahawks","SEA","DST","131.0","16","8.2"
"150","Pittsburgh Steelers","PIT","DST","131.0","16","8.2"
"150","Graham Gano","CAR","K","131.0","16","8.2"
"153","DeVante Parker","MIA","WR","130.0","13","10.0"
"154","Rex Burkhead","NE","RB","129.8","10","13.0"
"155","Aaron Rodgers","GB","QB","129.5","7","18.5"
"156","Adam Humphries","TB","WR","128.7","16","8.0"
"157","Hunter Henry","LAC","TE","126.9","14","9.1"
"158","Kendall Wright","CHI","WR","126.4","16","7.9"
"159","Ryan Grant","WAS","WR","126.3","16","7.9"
"160","Trevor Siemian","DEN","QB","126.2","11","11.5"
"161","Chicago Bears","CHI","DST","125.0","16","7.8"
"161","Adam Vinatieri","IND","K","125.0","15","8.3"
"161","Carolina Panthers","CAR","DST","125.0","16","7.8"
"164","Brandon LaFell","CIN","WR","124.8","16","7.8"
"165","Brett Hundley","GB","QB","124.6","11","11.3"
"166","Tyler Kroft","CIN","TE","124.4","16","7.8"
"167","Ameer Abdullah","DET","RB","124.4","14","8.9"
"168","Travis Benjamin","LAC","WR","124.3","16","7.8"
"169","Vernon Davis","WAS","TE","121.8","16","7.6"
"170","Matt Forte","NYJ","RB","120.4","12","10.0"
"171","Chandler Catanzaro","NYJ","K","120.0","16","7.5"
"172","Josh Doctson","WAS","WR","119.8","16","7.5"
"173","Austin Hooper","ATL","TE","119.6","16","7.5"
"174","Tyler Lockett","SEA","WR","118.3","16","7.4"
"175","Kansas City Chiefs","KC","DST","118.0","16","7.4"
"176","Jonathan Stewart","CAR","RB","117.2","15","7.8"
"177","Minnesota Vikings","MIN","DST","117.0","16","7.3"
"178","Charles Clay","BUF","TE","116.8","13","9.0"
"179","Eric Decker","TEN","WR","116.3","16","7.3"
"180","New England Patriots","NE","DST","116.0","16","7.3"
"180","Albert Wilson","KC","WR","116.0","13","8.9"
"182","Emmanuel Sanders","DEN","WR","114.5","12","9.5"
"183","William Fuller V","HOU","WR","113.2","10","11.3"
"184","Terrance Williams","DAL","WR","111.3","16","7.0"
"185","Arizona Cardinals","ARI","DST","111.0","16","6.9"
"185","Tennessee Titans","TEN","DST","111.0","16","6.9"
"187","Chris Hogan","NE","WR","109.6","9","12.2"
"188","Brandon McManus","DEN","K","109.0","16","6.8"
"188","Washington Commanders","WAS","DST","109.0","16","6.8"
"190","Samaje Perine","WAS","RB","108.5","16","6.8"
"191","Blair Walsh","SEA","K","108.0","16","6.8"
"192","LeGarrette Blount","PHI","RB","107.6","16","6.7"
"193","Austin Ekeler","LAC","RB","106.9","16","6.7"
"194","George Kittle","SF","TE","106.5","15","7.1"
"195","Tampa Bay Buccaneers","TB","DST","106.0","17","6.2"
"195","Dallas Cowboys","DAL","DST","106.0","16","6.6"
"195","Denver Broncos","DEN","DST","106.0","16","6.6"
"198","Deonte Thompson","Multi","WR","105.0","16","6.6"
"199","Wayne Gallman Jr.","NYG","RB","104.9","13","8.1"
"200","Ka'imi Fairbairn","HOU","K","104.0","16","6.5"
"200","Buffalo Bills","BUF","DST","104.0","16","6.5"
"202","Matt Breida","SF","RB","103.5","16","6.5"
"203","Marlon Mack","IND","RB","103.3","14","7.4"
"204","Jaron Brown","ARI","WR","102.7","16","6.4"
"205","Carson Palmer","ARI","QB","102.3","7","14.6"
"206","Jeremy Maclin","BAL","WR","102.0","12","8.5"
"207","Austin Seferian-Jenkins","NYJ","TE","101.7","13","7.8"
"208","O.J. Howard","TB","TE","101.2","14","7.2"
"209","Allen Hurns","JAC","WR","99.4","10","9.9"
"210","Atlanta Falcons","ATL","DST","99.0","16","6.2"
"211","Jesse James","PIT","TE","98.2","16","6.1"
"212","Julius Thomas","MIA","TE","97.8","14","7.0"
"213","J.D. McKissic","SEA","RB","97.3","13","7.5"
"214","Cincinnati Bengals","CIN","DST","97.0","16","6.1"
"214","Cody Parkey","MIA","K","97.0","16","6.1"
"216","Trent Taylor","SF","WR","96.0","15","6.4"
"217","David Njoku","CLE","TE","94.7","16","5.9"
"218","Kenny Golladay","DET","WR","94.6","11","8.6"
"219","J.J. Nelson","ARI","WR","93.5","16","5.8"
"220","Chris Godwin","TB","WR","92.5","16","5.8"
"221","Corey Clement","PHI","RB","92.4","16","5.8"
"222","Rod Smith","DAL","RB","92.4","15","6.2"
"223","Green Bay Packers","GB","DST","92.0","16","5.8"
"224","Ty Montgomery","GB","RB","91.6","8","11.5"
"225","Cole Beasley","DAL","WR","91.4","15","6.1"
"226","Devontae Booker","DEN","RB","91.4","13","7.0"
"227","Randy Bullock","CIN","K","91.0","15","6.1"
"228","Torrey Smith","PHI","WR","90.7","16","5.7"
"229","Seth Roberts","LV","WR","90.5","15","6.0"
"230","Pierre Garcon","SF","WR","90.0","8","11.3"
"231","Giorgio Tavecchio","LV","K","90.0","16","5.6"
"231","Miami Dolphins","MIA","DST","90.0","17","5.3"
"233","Roger Lewis","NYG","WR","89.6","15","6.0"
"234","C.J. Beathard","SF","QB","88.8","7","12.7"
"235","New York Giants","NYG","DST","88.0","16","5.5"
"236","Jimmy Garoppolo","Multi","QB","87.9","6","14.7"
"237","Marcedes Lewis","JAC","TE","87.8","16","5.5"
"238","T.J. Yeldon","JAC","RB","87.7","10","8.8"
"239","Andre Ellington","Multi","RB","87.4","12","7.3"
"240","Josh Lambo","JAC","K","87.0","10","8.7"
"241","Jalen Richard","LV","RB","86.1","16","5.4"
"242","Patrick Murray","TB","K","86.0","12","7.2"
"242","Cordarrelle Patterson","LV","RB","86.0","16","5.4"
"242","Indianapolis Colts","IND","DST","86.0","16","5.4"
"245","Peyton Barber","TB","RB","85.7","16","5.4"
"246","DeAndre Washington","LV","RB","85.0","15","5.7"
"247","Chris Ivory","JAC","RB","84.7","14","6.1"
"248","Mason Crosby","GB","K","84.0","16","5.3"
"248","Aldrick Rosas","NYG","K","84.0","16","5.3"
"250","Shane Vereen","NYG","RB","83.7","16","5.2"
"251","Bennie Fowler III","DEN","WR","82.0","16","5.1"
"251","Houston Texans","HOU","DST","82.0","16","5.1"
"253","Taylor Gabriel","ATL","WR","81.7","16","5.1"
"254","Dan Bailey","DAL","K","81.0","12","6.8"
"255","Aaron Jones","GB","RB","80.0","12","6.7"
"256","Trey Burton","PHI","TE","79.8","15","5.3"
"257","Ed Dickson","CAR","TE","79.7","16","5.0"
"258","Antonio Gates","LAC","TE","79.6","16","5.0"
"259","San Francisco 49ers","SF","DST","79.0","16","4.9"
"260","Adrian Peterson","Multi","RB","78.9","10","7.9"
"261","Garrett Celek","SF","TE","78.6","16","4.9"
"262","Zane Gonzalez","CLE","K","78.0","16","4.9"
"263","T.J. Jones","DET","WR","77.9","14","5.6"
"264","Jermaine Gresham","ARI","TE","77.2","14","5.5"
"265","Donte Moncrief","IND","WR","77.1","12","6.4"
"266","Seth DeValve","CLE","TE","76.5","16","4.8"
"267","Elijah McGuire","NYJ","RB","76.2","16","4.8"
"268","Doug Martin","TB","RB","76.0","11","6.9"
"269","Bruce Ellington","HOU","WR","75.7","11","6.9"
"270","Odell Beckham Jr.","NYG","WR","74.0","4","18.5"
"270","Cleveland Browns","CLE","DST","74.0","16","4.6"
"272","Ryan Fitzpatrick","TB","QB","73.9","6","12.3"
"273","Brandon Coleman","NO","WR","73.4","16","4.6"
"274","Charles Sims","TB","RB","73.4","16","4.6"
"275","Charcandrick West","KC","RB","73.2","13","5.6"
"276","Alfred Morris","DAL","RB","72.2","14","5.2"
"277","New York Jets","NYJ","DST","71.0","16","4.4"
"278","Zay Jones","BUF","WR","70.6","15","4.7"
"279","John Brown","ARI","WR","69.9","10","7.0"
"280","Kyle Juszczyk","SF","RB","69.6","14","5.0"
"281","Corey Davis","TEN","WR","69.5","11","6.3"
"282","Mike Gillislee","NE","RB","68.8","9","7.6"
"283","Rashard Higgins","CLE","WR","68.6","15","4.6"
"284","Josh Bellamy","CHI","WR","68.2","15","4.6"
"285","Las Vegas Raiders","LV","DST","68.0","16","4.3"
"286","Brock Osweiler","DEN","QB","67.9","6","11.3"
"286","Kerwynn Williams","ARI","RB","67.9","16","4.2"
"288","Jamaal Charles","DEN","RB","67.5","14","4.8"
"289","Dede Westbrook","JAC","WR","66.9","7","9.6"
"290","Corey Coleman","CLE","WR","65.5","9","7.3"
"291","Dalvin Cook","MIN","RB","65.4","4","16.4"
"292","Dontrelle Inman","Multi","WR","65.3","12","5.4"
"293","Stephen Anderson","HOU","TE","65.2","15","4.4"
"294","Brice Butler","DAL","WR","64.7","13","5.0"
"295","Nick O'Leary","BUF","TE","64.2","15","4.3"
"296","Dustin Hopkins","WAS","K","64.0","8","8.0"
"297","Brian Hoyer","Multi","QB","64.0","11","5.8"
"298","Coby Fleener","NO","TE","63.5","11","5.8"
"299","Ricardo Louis","CLE","WR","62.7","16","3.9"
"300","Cody Latimer","DEN","WR","61.7","11","5.6"
"301","Blaine Gabbert","ARI","QB","61.6","5","12.3"
"302","Tyler Higbee","LAR","TE","60.5","16","3.8"
"303","Tavarres King","NYG","WR","60.3","8","7.5"
"304","Justin Hardy","ATL","WR","60.1","16","3.8"
"305","Jordan Reed","WAS","TE","60.1","6","10.0"
"306","Chris Moore","BAL","WR","59.9","13","4.6"
"307","Damien Williams","MIA","RB","59.6","11","5.4"
"308","Rhett Ellison","NYG","TE","59.5","16","3.7"
"309","Nick Rose","Multi","K","59.0","10","5.9"
"310","Martellus Bennett","Multi","TE","58.6","9","6.5"
"311","Danny Woodhead","BAL","RB","58.6","8","7.3"
"312","Chester Rogers","IND","WR","58.2","11","5.3"
"313","Kenny Britt","Multi","WR","57.6","12","4.8"
"314","Josh Gordon","CLE","WR","57.5","5","11.5"
"315","Jordan Matthews","BUF","WR","57.2","10","5.7"
"316","Connor Barth","CHI","K","57.0","10","5.7"
"316","D'Onta Foreman","HOU","RB","57.0","10","5.7"
"316","Aldrick Robinson","SF","WR","57.0","16","3.6"
"319","Benny Cunningham Jr.","CHI","RB","56.9","14","4.1"
"320","Tyler Boyd","CIN","WR","56.5","10","5.7"
"321","Zach Miller","CHI","TE","55.6","8","7.0"
"322","A.J. Derby","Multi","TE","55.4","11","5.0"
"323","Luke Willson","SEA","TE","54.3","16","3.4"
"324","Mike Nugent","Multi","K","54.0","8","6.8"
"325","Jason Myers","JAC","K","53.0","6","8.8"
"326","Darren Fells","DET","TE","52.7","16","3.3"
"327","Mike Davis","SEA","RB","52.1","6","8.7"
"328","Gerald Everett","LAR","TE","51.7","16","3.2"
"329","Tom Savage","HOU","QB","50.7","8","6.3"
"330","Mike Tolbert","BUF","RB","50.5","12","4.2"
"331","Drew Stanton","ARI","QB","50.4","5","10.1"
"332","Nick Boyle","BAL","TE","50.3","15","3.4"
"333","Ricky Seals-Jones","ARI","TE","50.1","10","5.0"
"334","Terrelle Pryor Sr.","WAS","WR","50.0","9","5.6"
"335","Jarius Wright","MIN","WR","49.8","16","3.1"
"336","Taywan Taylor","TEN","WR","49.4","16","3.1"
"337","Jacquizz Rodgers","TB","RB","46.8","16","2.9"
"338","Wendell Smallwood","PHI","RB","46.7","8","5.8"
"339","Michael Campanaro","BAL","WR","46.5","13","3.6"
"340","Demetrius Harris","KC","TE","46.4","16","2.9"
"341","Geronimo Allison","GB","WR","46.3","15","3.1"
"342","Nick Novak","LAC","K","46.0","7","6.6"
"343","Jonnu Smith","TEN","TE","45.7","16","2.9"
"343","Jeremy Kerley","NYJ","WR","45.7","8","5.7"
"345","Russell Shepard","CAR","WR","45.1","15","3.0"
"346","Malcolm Brown","LAR","RB","44.9","11","4.1"
"347","Johnny Holton","LV","WR","44.8","16","2.8"
"348","Mack Hollins","PHI","WR","44.6","16","2.8"
"349","Alfred Blue","HOU","RB","44.6","11","4.1"
"350","Jakeem Grant Sr.","MIA","WR","44.5","16","2.8"
"351","Lance Kendricks","GB","TE","44.3","16","2.8"
"352","Robert Kelley","WAS","RB","43.2","7","6.2"
"353","Andre Holmes","BUF","WR","43.0","14","3.1"
"354","Adam Shaheen","CHI","TE","42.7","13","3.3"
"355","Tavon Austin","LAR","WR","42.7","16","2.7"
"356","Demarcus Robinson","KC","WR","42.2","16","2.6"
"357","Greg Olsen","CAR","TE","42.1","7","6.0"
"358","Corey Grant","JAC","RB","41.9","16","2.6"
"359","Kendrick Bourne","SF","WR","41.7","11","3.8"
"360","Matt Moore","MIA","QB","41.3","4","10.3"
"360","Braxton Miller","HOU","WR","41.3","11","3.8"
"362","Kapri Bibbs","WAS","RB","40.7","3","13.6"
"362","De'Anthony Thomas","KC","WR","40.7","16","2.5"
"364","Laquon Treadwell","MIN","WR","40.0","16","2.5"
"365","Chris Carson","SEA","RB","39.7","4","9.9"
"366","Virgil Green","DEN","TE","39.1","16","2.4"
"367","Dion Sims","CHI","TE","39.0","14","2.8"
"368","Vance McDonald","PIT","TE","38.8","10","3.9"
"369","Travaris Cadet","Multi","RB","37.5","9","4.2"
"370","Eli Rogers","PIT","WR","36.9","14","2.6"
"371","Ryan Griffin","HOU","TE","36.8","7","5.3"
"372","Alex Erickson","CIN","WR","35.6","16","2.2"
"373","Jeff Heuerman","DEN","TE","35.2","14","2.5"
"374","James O'Shaughnessy","JAC","TE","34.9","16","2.2"
"375","T.J. Yates","Multi","QB","34.0","4","8.5"
"375","Richard Rodgers","GB","TE","34.0","15","2.3"
"377","Nick Foles","PHI","QB","33.8","7","4.8"
"377","Kevin Hogan","CLE","QB","33.8","4","8.5"
"379","Damiere Byrd","CAR","WR","33.7","8","4.2"
"380","Mike Glennon","CHI","QB","33.6","4","8.4"
"381","Brandon Marshall","NYG","WR","33.4","5","6.7"
"382","Curtis Samuel","CAR","WR","32.9","9","3.7"
"383","D.J. Foster","Multi","RB","32.2","7","4.6"
"383","Elijhaa Penny","ARI","RB","32.2","16","2.0"
"385","Phillip Dorsett II","NE","WR","32.1","15","2.1"
"386","Thomas Rawls","SEA","RB","32.1","12","2.7"
"387","Brent Celek","PHI","TE","32.0","16","2.0"
"388","Tion Green","DET","RB","31.9","5","6.4"
"389","Nick Vannett","SEA","TE","30.4","15","2.0"
"390","Levine Toilolo","ATL","TE","30.2","15","2.0"
"391","Troy Niklas","ARI","TE","30.2","15","2.0"
"392","Josh Hill","NO","TE","29.7","16","1.9"
"393","Nick Folk","TB","K","29.0","4","7.3"
"394","Tommy Bohanon","JAC","RB","28.8","16","1.8"
"395","Anthony Fasano","MIA","TE","28.7","16","1.8"
"396","Eddie Lacy","SEA","RB","28.6","9","3.2"
"397","Chris Conley","KC","WR","28.5","5","5.7"
"398","Kamar Aiken","IND","WR","28.3","15","1.9"
"399","Maxx Williams","BAL","TE","28.2","11","2.6"
"400","Terrance West","BAL","RB","28.1","5","5.6"
"401","Josh Reynolds","LAR","WR","27.4","16","1.7"
"402","Jordan Taylor","DEN","WR","27.2","10","2.7"
"403","Tommylee Lewis","NO","WR","27.0","15","1.8"
"404","Travis Coons","LAC","K","27.0","3","9.0"
"405","Sam Bradford","MIN","QB","26.9","2","13.5"
"406","C.J. Fiedorowicz","HOU","TE","26.7","5","5.3"
"407","Louis Murphy","SF","WR","26.1","7","3.7"
"407","Eric Tomlinson","NYJ","TE","26.1","14","1.9"
"409","Cairo Santos","Multi","K","26.0","5","5.2"
"410","Robert Turbin","IND","RB","25.9","6","4.3"
"410","Daniel Brown","CHI","TE","25.9","14","1.9"
"412","David Morgan II","MIN","TE","25.5","15","1.7"
"413","Bryce Petty","NYJ","QB","25.4","4","6.4"
"414","C.J. Uzomah","CIN","TE","25.2","14","1.8"
"415","Brandon Williams","IND","TE","25.1","14","1.8"
"416","Dwayne Allen","NE","TE","24.6","16","1.5"
"417","Niles Paul","WAS","TE","22.8","14","1.6"
"418","Tre McBride III","Multi","WR","22.4","8","2.8"
"419","Kenjon Barner","PHI","RB","22.3","13","1.7"
"420","Jaydon Mickens","JAC","WR","21.7","10","2.2"
"421","Paul Perkins","NYG","RB","21.6","11","2.0"
"422","C.J. Ham","MIN","RB","21.1","16","1.3"
"423","Brenton Bersin","CAR","WR","20.8","8","2.6"
"424","Chris Johnson","ARI","RB","20.7","4","5.2"
"424","Anthony Sherman","KC","RB","20.7","16","1.3"
"426","Mike Williams","LAC","WR","20.5","10","2.1"
"427","Brandon Tate","BUF","WR","20.1","13","1.6"
"428","Logan Thomas","BUF","TE","19.7","12","1.6"
"429","Jamize Olawale","LV","RB","19.6","12","1.6"
"430","David Fales","MIA","QB","19.4","2","9.7"
"431","Younghoe Koo","LAC","K","19.0","4","4.8"
"432","James Hanna","DAL","TE","18.8","16","1.2"
"433","Josh Malone","CIN","WR","18.5","11","1.7"
"434","Darren Sproles","PHI","RB","18.4","3","6.1"
"435","Chad Hansen","NYJ","WR","18.4","15","1.2"
"436","Travis Rudolph","NYG","WR","18.1","7","2.6"
"437","Austin Traylor","DEN","TE","18.0","7","2.6"
"437","Pharoh Cooper","LAR","WR","18.0","16","1.1"
"439","Michael Floyd","MIN","WR","17.8","11","1.6"
"440","Breshad Perriman","BAL","WR","17.7","11","1.6"
"441","Fozzy Whittaker","CAR","RB","17.5","12","1.5"
"442","Kasen Williams","CLE","WR","17.4","7","2.5"
"443","Jeremy Hill","CIN","RB","17.2","7","2.5"
"443","Michael Hoomanawanui","NO","TE","17.2","14","1.2"
"443","Jerell Adams","NYG","TE","17.2","16","1.1"
"443","Patrick Ricard","BAL","RB","17.2","16","1.1"
"447","C.J. Prosise","SEA","RB","17.0","5","3.4"
"448","Clive Walford","LV","TE","17.0","13","1.3"
"449","Branden Oliver","LAC","RB","16.9","8","2.1"
"450","ArDarius Stewart","NYJ","WR","16.9","15","1.1"
"451","Stevan Ridley","Multi","RB","16.8","2","8.4"
"452","Cameron Artis-Payne","CAR","RB","16.7","13","1.3"
"453","Hunter Sharp","Multi","WR","16.4","3","5.5"
"454","Maurice Harris","WAS","WR","16.2","6","2.7"
"455","Darrius Heyward-Bey","PIT","WR","15.9","16","1.0"
"456","Lee Smith","LV","TE","15.6","16","1.0"
"457","Terron Ward","ATL","RB","15.3","14","1.1"
"458","Willie Snead IV","NO","WR","15.2","11","1.4"
"459","Kaelin Clay","Multi","WR","15.2","13","1.2"
"460","Derek Carrier","LAR","TE","15.1","14","1.1"
"460","Amara Darboh","SEA","WR","15.1","16","0.9"
"462","Paxton Lynch","DEN","QB","14.8","2","7.4"
"463","Andy Janovich","DEN","RB","14.7","16","0.9"
"464","Roosevelt Nix","PIT","RB","14.6","16","0.9"
"464","Freddie Martino","TB","WR","14.6","8","1.8"
"466","Ross Travis","Multi","TE","14.6","15","1.0"
"467","James Conner","PIT","RB","14.4","14","1.0"
"468","Mike Thomas","LAR","WR","14.3","8","1.8"
"469","Xavier Grimble","PIT","TE","14.2","15","1.0"
"469","Neal Sterling","Multi","TE","14.2","11","1.3"
"471","E.J. Manuel","LV","QB","14.1","2","7.1"
"472","Marvin Hall","ATL","WR","14.0","8","1.8"
"473","Leonte Carroo","MIA","WR","13.9","14","1.0"
"473","Phillip Supernaw","TEN","TE","13.9","16","0.9"
"475","Brian Quick","WAS","WR","13.6","11","1.2"
"476","Chris Thompson","HOU","WR","13.4","13","1.0"
"477","Trevor Davis","GB","WR","13.3","16","0.8"
"478","Sammie Coates","CLE","WR","13.0","12","1.1"
"478","Tyler Ervin","HOU","RB","13.0","4","3.3"
"478","Luke Stocker","Multi","TE","13.0","12","1.1"
"478","Caleb Sturgis","PHI","K","13.0","1","13.0"
"478","David Johnson","ARI","RB","13.0","1","13.0"
"483","De'Angelo Henderson Sr.","DEN","RB","12.9","5","2.6"
"484","Byron Marshall","Multi","RB","12.8","4","3.2"
"484","Jaelen Strong","Multi","WR","12.8","2","6.4"
"486","Justin Hunter","PIT","WR","12.3","7","1.8"
"487","Tanner McEvoy","SEA","WR","12.3","15","0.8"
"488","Aaron Ripkowski","GB","RB","12.2","16","0.8"
"489","Lance Dunbar","LAR","RB","12.2","4","3.1"
"490","Brittan Golden","ARI","WR","12.0","13","0.9"
"491","Zach Line","NO","RB","11.6","12","1.0"
"492","Bryce Treggs","Multi","WR","11.5","6","1.9"
"493","Trey Edmunds","NO","RB","10.8","16","0.7"
"493","Ben Koyack","JAC","TE","10.8","16","0.7"
"495","Alan Cross","TB","TE","10.8","8","1.4"
"496","Patrick Mahomes II","KC","QB","10.4","1","10.4"
"496","Nathan Peterman","BUF","QB","10.4","4","2.6"
"498","Sam Ficken","LAR","K","10.0","2","5.0"
"499","Ryan Mallett","BAL","QB","9.9","3","3.3"
"500","James Develin","NE","RB","9.8","16","0.6"
"501","Geno Smith","NYG","QB","9.7","2","4.9"
"502","Bobo Wilson","TB","WR","9.6","3","3.2"
"503","Patrick DiMarco","BUF","RB","9.6","16","0.6"
"504","Akeem Hunt","KC","RB","9.4","15","0.6"
"505","Chad Williams","ARI","WR","9.4","6","1.6"
"506","Jeremy Sprinkle","WAS","TE","9.3","11","0.9"
"506","Brian Hill","Multi","RB","9.3","7","1.3"
"508","Jacob Hollister","NE","TE","8.7","15","0.6"
"509","Ryan Switzer","DAL","WR","8.6","16","0.5"
"509","Landry Jones","PIT","QB","8.6","3","2.9"
"509","Tyler Eifert","CIN","TE","8.6","2","4.3"
"509","Sean McGrath","LAC","TE","8.6","15","0.6"
"509","Michael Roberts","DET","TE","8.6","15","0.6"
"509","Zach Zenner","DET","RB","8.6","8","1.1"
"515","Tre Madden","SEA","RB","8.5","8","1.1"
"516","Brandon Bolden","NE","RB","8.4","16","0.5"
"517","Matt Dayes","CLE","RB","8.2","16","0.5"
"518","Markus Wheaton","CHI","WR","8.1","11","0.7"
"518","Michael Clark","GB","WR","8.1","2","4.1"
"520","Derek Watt","LAC","RB","7.9","16","0.5"
"521","Will Tye","Multi","TE","7.8","3","2.6"
"522","Dwayne Washington","DET","RB","7.8","5","1.6"
"523","Nate Sudfeld","PHI","QB","7.6","1","7.6"
"523","Keith Smith","DAL","RB","7.6","16","0.5"
"525","Marcus Johnson","PHI","WR","7.5","10","0.8"
"526","Jared Abbrederis","DET","WR","7.4","7","1.1"
"527","Orson Charles","KC","TE","7.3","5","1.5"
"528","Noah Brown","DAL","WR","7.3","13","0.6"
"529","Jay Prosch","HOU","RB","7.1","16","0.4"
"530","Bobby Rainey","BAL","RB","7.0","4","1.8"
"531","Quan Bray","IND","WR","6.9","9","0.8"
"531","Blake Bell","MIN","TE","6.9","13","0.5"
"533","Marcus Murphy","Multi","RB","6.8","1","6.8"
"534","Randall Telfer","CLE","TE","6.6","16","0.4"
"535","Tanner Gentry","CHI","WR","6.5","4","1.6"
"536","Jalston Fowler","Multi","RB","6.4","10","0.6"
"537","Griff Whalen","BAL","WR","6.3","2","3.2"
"538","Vince Mayle","BAL","WR","6.2","16","0.4"
"539","Nick Williams","ATL","WR","6.0","1","6.0"
"540","Bernard Reedy","Multi","WR","5.8","11","0.5"
"541","De'Veon Smith","MIA","RB","5.7","5","1.1"
"542","Darrell Daniels","IND","TE","5.6","12","0.5"
"542","Ifeanyi Momah","ARI","TE","5.6","9","0.6"
"544","Chris Matthews","BAL","WR","5.5","6","0.9"
"545","Fitzgerald Toussaint","PIT","RB","5.4","6","0.9"
"546","JoJo Natson","NYJ","WR","5.3","7","0.8"
"547","Sean Mannion","LAR","QB","5.3","5","1.1"
"548","Emanuel Byrd","GB","TE","5.1","1","5.1"
"548","Josh Ferguson","IND","RB","5.1","10","0.5"
"550","Mack Brown","Multi","RB","5.0","4","1.3"
"551","Danny Vitale","CLE","RB","4.9","15","0.3"
"552","Joe Webb III","BUF","QB","4.8","16","0.3"
"553","Derrick Coleman","ATL","RB","4.8","16","0.3"
"554","Jamal Agnew","DET","WR","4.7","13","0.4"
"555","Antony Auclair","TB","TE","4.5","8","0.6"
"555","Geoff Swaim","DAL","TE","4.5","15","0.3"
"557","Senorise Perry","MIA","RB","4.3","16","0.3"
"558","Ryan Hewitt","CIN","RB","4.2","13","0.3"
"559","Jehu Chesson","KC","WR","3.8","12","0.3"
"560","Michael Burton","CHI","RB","3.7","16","0.2"
"560","Chris Manhertz","CAR","TE","3.7","16","0.2"
"562","Jordan Leslie","Multi","WR","3.6","2","1.8"
"563","Cole Hikutini","SF","TE","3.5","4","0.9"
"564","MarQueis Gray","MIA","TE","3.4","16","0.2"
"565","DeAndrew White","HOU","WR","3.4","2","1.7"
"566","Isaiah McKenzie","DEN","WR","3.3","11","0.3"
"566","Darius Powe","NYG","WR","3.3","1","3.3"
"568","Jeff Janis","GB","WR","3.2","16","0.2"
"569","Shelton Gibson","PHI","WR","3.1","5","0.6"
"570","Cody Kessler","CLE","QB","2.9","3","1.0"
"571","AJ McCarron","CIN","QB","2.7","3","0.9"
"571","Allen Robinson II","JAC","WR","2.7","1","2.7"
"573","Kevin White","CHI","WR","2.6","1","2.6"
"574","Andre Williams","LAC","RB","2.5","8","0.3"
"575","Matt Cassel","TEN","QB","2.4","2","1.2"
"576","Jeff Cumberland","LAC","TE","2.2","7","0.3"
"576","Arrelious Benn","JAC","WR","2.2","9","0.2"
"578","Taiwan Jones","BUF","RB","2.1","8","0.3"
"578","David Fluellen","TEN","RB","2.1","16","0.1"
"580","Harry Douglas","TEN","WR","1.8","2","0.9"
"580","Cobi Hamilton","HOU","WR","1.8","3","0.6"
"582","Eric Weems","TEN","WR","1.5","16","0.1"
"582","Larry Pinkard","JAC","WR","1.5","4","0.4"
"584","Matt Jones","IND","RB","1.4","5","0.3"
"585","Cooper Rush","DAL","QB","1.4","2","0.7"
"585","Max McCaffrey","Multi","WR","1.4","5","0.3"
"585","LeShun Daniels","Multi","RB","1.4","4","0.4"
"585","Garrett Griffin","NO","TE","1.4","3","0.5"
"589","Charone Peake","NYJ","WR","1.3","3","0.4"
"589","Joe Kerridge","GB","RB","1.3","4","0.3"
"589","Ryan Malleck","Multi","TE","1.3","2","0.7"
"589","Scott Tolzien","IND","QB","1.3","1","1.3"
"593","Devante Mays","GB","RB","1.1","8","0.1"
"593","Matt Hazel","Multi","WR","1.1","4","0.3"
"595","Raheem Mostert","SF","RB","1.0","11","0.1"
"595","Marshall Koehn","CIN","K","1.0","1","1.0"
"597","Terrell Watson","PIT","RB","0.8","10","0.1"
"598","Taylor Heinicke","Multi","QB","0.6","1","0.6"
"599","Derek Anderson","CAR","QB","0.5","3","0.2"
"600","Joe Callahan","GB","QB","0.4","1","0.4"
"601","Andre Roberts","ATL","WR","0.2","16","0.0"
"602","John Kuhn","NO","RB","0.2","2","0.1"
"603","Kalif Raymond","Multi","WR","0.1","8","0.0"
"604","Justin Davis","LAR","RB","0.1","4","0.0"
"605","Jordan Todman","HOU","RB","0.0","14","0.0"
"605","Darius Hillary","CLE","QB","0.0","1","0.0"
"605","MyCole Pruitt","Multi","TE","0.0","1","0.0"
"605","Jarveon Williams","CIN","RB","0.0","1","0.0"
"605","Gabe Holmes","Multi","TE","0.0","2","0.0"
"605","Kyle Carter","MIN","TE","0.0","3","0.0"
"605","Jeremy McNichols","SF","RB","0.0","2","0.0"
"605","Joe Banyard","BUF","RB","0.0","3","0.0"
"605","Shane Smith","NYG","RB","0.0","11","0.0"
"605","Dwayne Harris","NYG","WR","0.0","5","0.0"
"605","Sean Culkin","LAC","TE","0.0","1","0.0"
"605","Matt Lengel","CLE","TE","0.0","1","0.0"
"605","Dare Ogunbowale","Multi","RB","0.0","2","0.0"
"605","Hakeem Valles","DET","TE","0.0","1","0.0"
"605","Kyle Nelson","SF","TE","0.0","16","0.0"
"605","Stacy Coley","MIN","WR","0.0","4","0.0"
"605","David Moore","SEA","WR","0.0","1","0.0"
"605","Marquez Williams","CLE","RB","0.0","1","0.0"
"605","Ryan O'Malley","Multi","TE","0.0","1","0.0"
"605","Quincy Adeboyejo","BAL","WR","0.0","1","0.0"
"605","Lance Lenoir Jr.","DAL","WR","0.0","1","0.0"
"605","Logan Paulsen","SF","TE","0.0","14","0.0"
"605","Tyrone Swoopes","SEA","TE","0.0","1","0.0"
"605","Andy Jones","Multi","WR","0.0","3","0.0"
"605","Geremy Davis","LAC","WR","0.0","2","0.0"
"605","Marquis Bundy","NYG","WR","0.0","1","0.0"
"605","Cethan Carter","CIN","TE","0.0","16","0.0"
"605","Mose Frazier","CAR","WR","0.0","1","0.0"
"605","Robert Davis","WAS","WR","0.0","1","0.0"
"605","John Phillips","NO","TE","0.0","1","0.0"
"605","Eric Saubert","ATL","TE","0.0","14","0.0"
"605","Pharaoh Brown","LV","TE","0.0","2","0.0"
"605","James Wright","FA","WR","0.0","16","0.0"
"605","Jace Billingsley","DET","WR","0.0","2","0.0"
"605","Gavin Escobar","BAL","TE","0.0","2","0.0"
"605","Tani Tupou","ATL","RB","0.0","1","0.0"
"605","Clark Harris","CIN","TE","0.0","16","0.0"
"605","Matthew Slater","NE","WR","0.0","9","0.0"
"605","Marcus Kemp","KC","WR","0.0","1","0.0"
"605","Matt LaCosse","Multi","TE","0.0","5","0.0"
"605","Terrence Magee","Multi","RB","0.0","2","0.0"
"605","Ben Braunecker","CHI","TE","0.0","8","0.0"
"605","Ed Eagan","NYG","WR","0.0","4","0.0"
"605","C.J. Spiller","KC","RB","0.0","1","0.0"
"605","Krishawn Hogan","IND","WR","0.0","2","0.0"
"605","Khari Lee","BUF","TE","0.0","8","0.0"
"605","Johnny Mundt","LAR","TE","0.0","2","0.0"
"605","Taquan Mizzell","CHI","RB","0.0","3","0.0"
"605","Blake Jarwin","DAL","TE","0.0","1","0.0"
"605","Daniel Lasco","NO","RB","0.0","3","0.0"
"605","Brandon Banks","FA","WR","0.0","1","0.0"
"605","Elijah Hood","LV","RB","0.0","1","0.0"
"605","Henry Krieger-Coble","Multi","TE","0.0","1","0.0"
"605","Bradley Marquez","Multi","WR","0.0","1","0.0"
"605","Austin Carr","NO","WR","0.0","1","0.0"
"605","Jim Dray","ARI","TE","0.0","1","0.0"
"605","Taysom Hill","NO","TE","0.0","5","0.0"
"605","Colt McCoy","WAS","QB","0.0","1","0.0"
"605","Isaac Whitney","LV","WR","0.0","2","0.0"
"605","K.J. Brent","IND","WR","0.0","5","0.0"
"605","Beau Brinkley","TEN","TE","0.0","16","0.0"
"605","Cody Core","CIN","WR","0.0","13","0.0"
"605","Victor Bolden Jr.","SF","WR","0.0","9","0.0"
"605","Jason Vander Laan","IND","TE","0.0","4","0.0"
"605","Evan Baylis","Multi","TE","0.0","1","0.0"
"605","Justin Hardee","NO","WR","0.0","14","0.0"
"605","Rashawn Scott","MIA","WR","0.0","1","0.0"
"605","Alex Armah Jr.","CAR","RB","0.0","9","0.0"
"673","Austin Davis","SEA","QB","-0.1","3","-0.0"
"674","Darren McFadden","DAL","RB","-0.2","1","-0.2"
"674","Chase Daniel","NO","QB","-0.2","1","-0.2"
"674","Bronson Hill","Multi","RB","-0.2","2","-0.1"
"677","Chad Henne","JAC","QB","-0.5","2","-0.3"
"678","John Ross","CIN","WR","-0.8","3","-0.3"
"679","Jake Rudock","DET","QB","-1.0","3","-0.3"
"680","Kellen Clemens","LAC","QB","-1.1","8","-0.1"
"681","Tyler Bray","KC","QB","-2.0","1","-2.0"
"682","Teddy Bridgewater","MIN","QB","-2.3","1","-2.3"
""
""